SKU,Name,Categories,Images,Brands,Meta: box-pcs
,3M Med Champagnotta ml250 c/astuccio,Aceto > Aceto Balsamico,http://beige-sardine-405916.hostingersite.com/wp-content/uploads/2025/03/3A.webp,Acetai Giusti,
,1 Med Champagnotta ml250 c/Astuccio,"Aceto, Aceto > Aceto Balsamico",http://beige-sardine-405916.hostingersite.com/wp-content/uploads/2025/03/110-A-1Medagliachampagnotta250ml_1100x.webp,Acetai Giusti,
11,Pesto_Pistacchio_Gr.90,"Conserve, Pistacchio, Salse",http://beige-sardine-405916.hostingersite.com/wp-content/uploads/2025/03/Pesto_di_Pistacchio_190.jpg,A Ricchigia,
10,Pesto_di Pistacchio vaso Gr.190,"Conserve, Pistacchio, Salse",http://beige-sardine-405916.hostingersite.com/wp-content/uploads/2025/03/Pesto_di_Pistacchio_190.jpg,A Ricchigia,
266,Crema Fusion Pistac/Crunch 190 gr,"Dolci > Creme, Dolci, Pistacchio, Spalmabili",http://beige-sardine-405916.hostingersite.com/wp-content/uploads/2025/03/Crema_Crunchy.jpg,A Ricchigia,
,Salsa Bianca La Tartufina 80gr,"Conserve, Funghi, Salse, Spalmabili, Funghi > Tartufo",,Gemignani Tartufi,
,Salsa Classica La Tartufina 80gr,"Conserve, Funghi, Salse, Spalmabili, Funghi > Tartufo",,Gemignani Tartufi,
,Astuccio Pistacchio gr,"Dolci, Pistacchio, Dolci > Torrone",http://beige-sardine-405916.hostingersite.com/wp-content/uploads/2025/04/Asuccio_Pistacchio.png,Quaranta,
403982,Stecche Linee Creme Frutta 100grX25pcs,"Dolci, Dolci > Torrone",http://beige-sardine-405916.hostingersite.com/wp-content/uploads/2025/03/Soft-nougat-bars-100g-x-25pcs-FRUIT-CREAMS-1-scaled-2.jpg,Quaranta,
,GG_1_Med_ Champagnotta_ml100_c/Astuccio,Aceto > Aceto Balsamico,http://beige-sardine-405916.hostingersite.com/wp-content/uploads/2025/03/1C.webp,Acetai Giusti,
,GG_1_Med_ Cubica_ml250_c/Astuccio,Aceto > Aceto Balsamico,http://beige-sardine-405916.hostingersite.com/wp-content/uploads/2025/03/1B.webp,Acetai Giusti,
,GG_3_Med_Champagnotta_ml100_c/astuccio,Aceto > Aceto Balsamico,http://beige-sardine-405916.hostingersite.com/wp-content/uploads/2025/03/3C.webp,Acetai Giusti,
,GG_3_Med_Cubica_ml250_c/Astuccio,Aceto > Aceto Balsamico,http://beige-sardine-405916.hostingersite.com/wp-content/uploads/2025/03/3B.webp,Acetai Giusti,
,GG_2_Med_ Cubica_ml250_c/Astuccio,Aceto > Aceto Balsamico,http://beige-sardine-405916.hostingersite.com/wp-content/uploads/2025/03/2B.webp,Acetai Giusti,
,GG_2_Med_Champagnotta_ml250_c/Astuccio,Aceto > Aceto Balsamico,http://beige-sardine-405916.hostingersite.com/wp-content/uploads/2025/03/2A.webp,Acetai Giusti,
,GG_2_Med_Champagnotta_ml100_c/Astuccio,Aceto > Aceto Balsamico,http://beige-sardine-405916.hostingersite.com/wp-content/uploads/2025/03/2C.webp,Acetai Giusti,
,GG_4_Med_ Champagnotta_ml250_c/Astuccio,Aceto > Aceto Balsamico > Crema di Aceto Balsamico,http://beige-sardine-405916.hostingersite.com/wp-content/uploads/2025/03/4A.webp,Acetai Giusti,
,GG_4_Med_ Cubica_ml250_c/Astuccio,Aceto > Aceto Balsamico,http://beige-sardine-405916.hostingersite.com/wp-content/uploads/2025/03/4B.webp,Acetai Giusti,
,GG_4_Med_ Champagnotta_ml100_c/Astuccio,Aceto > Aceto Balsamico,http://beige-sardine-405916.hostingersite.com/wp-content/uploads/2025/03/4C.webp,Acetai Giusti,
,GG_5_Med_ Cubica_ml250_c/Astuccio,Aceto > Aceto Balsamico,http://beige-sardine-405916.hostingersite.com/wp-content/uploads/2025/03/5B.webp,Acetai Giusti,
,GG_5_Med_ Champagnotta_ml250_c/Astuccio,Aceto > Aceto Balsamico,http://beige-sardine-405916.hostingersite.com/wp-content/uploads/2025/03/5A.webp,Acetai Giusti,
,GG_5_Med_ Champagnotta_ml100_c/Astuccio,Aceto > Aceto Balsamico,http://beige-sardine-405916.hostingersite.com/wp-content/uploads/2025/03/5C.webp,Acetai Giusti,
,"Aceto Balsamico Tradizionale di Modena DOP ""Affinato""",Aceto > Aceto Balsamico > Crema di Aceto Balsamico,http://beige-sardine-405916.hostingersite.com/wp-content/uploads/2025/03/Affinato.webp,Acetai Giusti,
,"Aceto Balsamico Tradizionale di Modena DOP ""Extravecchio""",Aceto > Aceto Balsamico,http://beige-sardine-405916.hostingersite.com/wp-content/uploads/2025/03/ExtraVecchio.webp,Acetai Giusti,
,Giusti 100 Riserva,Aceto > Aceto Balsamico,http://beige-sardine-405916.hostingersite.com/wp-content/uploads/2025/03/GG_Giusti_Riserva_100.webp,Acetai Giusti,
,Giusti 50 Riserva,Aceto > Aceto Balsamico,http://beige-sardine-405916.hostingersite.com/wp-content/uploads/2025/03/GG_Giusti_Riserva_50.webp,Acetai Giusti,
,Agrodolce Bianco - Champagnotta 250ml,"Aceto, Aceto > Aceto di Vino, Condimento",http://beige-sardine-405916.hostingersite.com/wp-content/uploads/2025/03/GG_Agrodolce_Champagnotta_250.webp,Acetai Giusti,
,Agrodolce Bianco - Champagnotta 100ml,"Aceto, Aceto > Aceto di Vino, Condimento",http://beige-sardine-405916.hostingersite.com/wp-content/uploads/2025/03/GG_Agrodolce_Champagnotta_100.webp,Acetai Giusti,
,Agrodolce Bianco - Cubica 250ml,"Aceto, Aceto > Aceto di Vino, Condimento",http://beige-sardine-405916.hostingersite.com/wp-content/uploads/2025/03/GG_Agrodolce_Cubica_250.webp,Acetai Giusti,
,Condimento Agrodolce - Lampone,"Aceto, Aceto > Aceto di Vino, Condimento",http://beige-sardine-405916.hostingersite.com/wp-content/uploads/2025/03/GG_Condimento_Agro_Lampone.webp,Acetai Giusti,
,Condimento Agrodolce - Fichi,"Aceto, Aceto > Aceto di Vino, Condimento",http://beige-sardine-405916.hostingersite.com/wp-content/uploads/2025/03/GG_Condimento_Agro_Fichi.webp,Acetai Giusti,
,Condimento Agrodolce - Melograno,"Aceto, Aceto > Aceto di Vino, Condimento",http://beige-sardine-405916.hostingersite.com/wp-content/uploads/2025/03/GG_Condimento_Agro_Melograno.webp,Acetai Giusti,
,Condimento Agrodolce - Mela,"Aceto, Aceto > Aceto di Vino, Condimento",http://beige-sardine-405916.hostingersite.com/wp-content/uploads/2025/03/GG_Condimento_Agro_Mela.webp,Acetai Giusti,
,Condimento Agrodolce - Zenzero,"Aceto, Aceto > Aceto di Vino, Condimento",http://beige-sardine-405916.hostingersite.com/wp-content/uploads/2025/03/GG_Condimento_Agro_Zenzero.webp,Acetai Giusti,
,Cond. Aceto Bals. di Modena IGP e Tartufo c/Astuccio,"Aceto > Aceto Balsamico, Aceto > Aceto Balsamico > Crema di Aceto Balsamico, Funghi, Funghi > Tartufo",http://beige-sardine-405916.hostingersite.com/wp-content/uploads/2025/03/GG_Condim_Aceto_Bals_Tartufo_100ml_C.Astuccio.webp,Acetai Giusti,
,Cond. Aceto Bals. di Modena IGP e Fichi c/Astuccio,"Aceto > Aceto Balsamico, Aceto > Aceto Balsamico > Crema di Aceto Balsamico",http://beige-sardine-405916.hostingersite.com/wp-content/uploads/2025/03/GG_Condim_Aceto_Bals_Fichi_100ml_C.Astuccio.webp,Acetai Giusti,
,Cond. Aceto Bals. di Modena IGP e Lampone c/Astuccio,"Aceto > Aceto Balsamico, Aceto > Aceto Balsamico > Crema di Aceto Balsamico",http://beige-sardine-405916.hostingersite.com/wp-content/uploads/2025/03/GG_Condim_Aceto_Bals_Lampone_100ml_C.Astuccio.webp,Acetai Giusti,
,Saba - Mosto cotto d'uva,"Aceto, Aceto > Aceto Balsamico, Aceto > Aceto di Vino, Aceto > Aceto Balsamico > Crema di Aceto Balsamico",http://beige-sardine-405916.hostingersite.com/wp-content/uploads/2025/03/GG_Saba_250ml_C.Astuccio.webp,Acetai Giusti,
,Aceto di Vino - Riserva 25,"Aceto, Aceto > Aceto di Vino",http://beige-sardine-405916.hostingersite.com/wp-content/uploads/2025/03/GG_Aceto_Vino_25.webp,Acetai Giusti,
,Crema a Base di Aceto Balsamico Zenzero,"Aceto > Aceto Balsamico, Aceto > Aceto Balsamico > Crema di Aceto Balsamico",http://beige-sardine-405916.hostingersite.com/wp-content/uploads/2025/03/crema_zenzero-1.jpg,Acetai Giusti,
,Crema a Base di Aceto Balsamico Bianca,"Aceto > Aceto Balsamico, Aceto > Aceto Balsamico > Crema di Aceto Balsamico",http://beige-sardine-405916.hostingersite.com/wp-content/uploads/2025/03/crema_bianca.jpg,Acetai Giusti,
,Crema a Base di Aceto Balsamico Classica,"Aceto > Aceto Balsamico, Aceto > Aceto Balsamico > Crema di Aceto Balsamico",http://beige-sardine-405916.hostingersite.com/wp-content/uploads/2025/04/crema_classica.jpeg,Acetai Giusti,
,Crema a Base di Aceto Balsamico Fichi,"Aceto > Aceto Balsamico, Aceto > Aceto Balsamico > Crema di Aceto Balsamico",http://beige-sardine-405916.hostingersite.com/wp-content/uploads/2025/03/Crema_Balsamici_Fichi.jpeg,Acetai Giusti,
,Crema a Base di Aceto Balsamico Fragola,"Aceto > Aceto Balsamico, Aceto > Aceto Balsamico > Crema di Aceto Balsamico",http://beige-sardine-405916.hostingersite.com/wp-content/uploads/2025/03/crema_fragola.jpg,Acetai Giusti,
,Crema a Base di Aceto Balsamico Lampone,"Aceto > Aceto Balsamico, Aceto > Aceto Balsamico > Crema di Aceto Balsamico",http://beige-sardine-405916.hostingersite.com/wp-content/uploads/2025/03/Crema-lampone-1.jpg,Acetai Giusti,
,Crema a Base di Aceto Balsamico Limone,"Aceto > Aceto Balsamico, Aceto > Aceto Balsamico > Crema di Aceto Balsamico",http://beige-sardine-405916.hostingersite.com/wp-content/uploads/2025/03/crema_limone.jpeg,Acetai Giusti,
,Crema a Base di Aceto Balsamico Vaniglia,"Aceto > Aceto Balsamico, Aceto > Aceto Balsamico > Crema di Aceto Balsamico",http://beige-sardine-405916.hostingersite.com/wp-content/uploads/2025/03/crema_vaniglia.jpg,Acetai Giusti,
,Crema a Base di Aceto Balsamico Porcini,"Aceto > Aceto Balsamico, Aceto > Aceto Balsamico > Crema di Aceto Balsamico, Funghi, Funghi > Porcini",http://beige-sardine-405916.hostingersite.com/wp-content/uploads/2025/03/crema_porcini.jpeg,Acetai Giusti,
,Crema a Base di Aceto Balsamico Tartufo,"Aceto > Aceto Balsamico, Aceto > Aceto Balsamico > Crema di Aceto Balsamico, Funghi, Funghi > Tartufo",http://beige-sardine-405916.hostingersite.com/wp-content/uploads/2025/03/crema_tartufo.png,Acetai Giusti,
,Crema a Base di Aceto Balsamico Melograno,"Aceto > Aceto Balsamico, Aceto > Aceto Balsamico > Crema di Aceto Balsamico",http://beige-sardine-405916.hostingersite.com/wp-content/uploads/2025/03/crema_melograno.jpg,Acetai Giusti,
,Crema a Base di Aceto Balsamico Mela,"Aceto > Aceto Balsamico, Aceto > Aceto Balsamico > Crema di Aceto Balsamico",http://beige-sardine-405916.hostingersite.com/wp-content/uploads/2025/03/crema_mela.webp,Acetai Giusti,6
,Linea Cavallotto Cantucci Mandorle,"Dolci > Biscotti, Dolci, Pasticceria",http://beige-sardine-405916.hostingersite.com/wp-content/uploads/2025/03/Mandorla.jpg,Sfizio,
,Linea Cavallotto Cantucci Pistacchi & Mandorle,"Dolci > Biscotti, Dolci, Pasticceria, Pistacchio",http://beige-sardine-405916.hostingersite.com/wp-content/uploads/2025/03/Pistacchio.jpg,Sfizio,
,Linea Cavallotto Cantucci Fichi e Noci,"Dolci > Biscotti, Dolci, Pasticceria",http://beige-sardine-405916.hostingersite.com/wp-content/uploads/2025/03/Fichi.Noci_.jpg,Sfizio,
,Linea Cavallotto Cantucci Cioccolato e Mandorle,"Dolci > Biscotti, Dolci, Pasticceria",http://beige-sardine-405916.hostingersite.com/wp-content/uploads/2025/03/Cioccolato.Mandorle.jpg,Sfizio,
,Linea Cavallotto Cantucci Cioccolato e Limone,"Dolci > Biscotti, Dolci, Pasticceria",http://beige-sardine-405916.hostingersite.com/wp-content/uploads/2025/03/Cioccolato.Limone.jpg,Sfizio,
,Linea Cavallotto Cantucci Cioccolato,"Dolci > Biscotti, Dolci, Pasticceria",http://beige-sardine-405916.hostingersite.com/wp-content/uploads/2025/03/Cioccolato.jpg,Sfizio,
,Linea Cavallotto Cantucci Chiaro Scuro Mandorle,"Dolci > Biscotti, Dolci, Pasticceria",http://beige-sardine-405916.hostingersite.com/wp-content/uploads/2025/03/Chiaro.S_Mandorle.jpg,Sfizio,
,Linea Cavallotto Cantucci Chiaro Scuro Cioccolato,"Dolci > Biscotti, Dolci, Pasticceria",http://beige-sardine-405916.hostingersite.com/wp-content/uploads/2025/03/Chiaro.S_Cioccolato.jpg,Sfizio,
,Baci di Dama,"Dolci > Biscotti, Dolci, Pasticceria",http://beige-sardine-405916.hostingersite.com/wp-content/uploads/2025/03/Baci.Dama_.jpg,Sfizio,
,Canestrelli,"Dolci > Biscotti, Dolci, Pasticceria",http://beige-sardine-405916.hostingersite.com/wp-content/uploads/2025/03/Canestrelli.jpg,Sfizio,
,Frollini Caffè e Caramello,"Dolci > Biscotti, Dolci, Pasticceria",http://beige-sardine-405916.hostingersite.com/wp-content/uploads/2025/03/Caffe.Caramello.jpg,Sfizio,
,Frollini Cioccolato e Fior di Sale,"Dolci > Biscotti, Dolci, Pasticceria",http://beige-sardine-405916.hostingersite.com/wp-content/uploads/2025/03/Frollini.Sale_.jpg,Sfizio,
1,Crema_Pistacchio_Gr.190_000001,"Dolci > Creme, Dolci, Pistacchio, Spalmabili",http://beige-sardine-405916.hostingersite.com/wp-content/uploads/2025/03/Crema.Pistacchio.190.jpg,A Ricchigia,
2,Crema_Pistacchio_Gr.90,"Dolci > Creme, Dolci, Pistacchio, Spalmabili",http://beige-sardine-405916.hostingersite.com/wp-content/uploads/2025/03/Crema.Pistacchio.190.jpg,A Ricchigia,
DUCI,Crema di Pistacchio  “Pistacchio Verde di Bronte DOP” 190gr DUCI,"Dolci > Creme, Dolci, Pistacchio, Spalmabili",http://beige-sardine-405916.hostingersite.com/wp-content/uploads/2025/03/Crema_Pistacchio_Bronte_60.jpg,A Ricchigia,
487,Liquore alla Crema di Pistacchio 100ml,"Alcolici, Alcolici > Creme, Pistacchio",http://beige-sardine-405916.hostingersite.com/wp-content/uploads/2025/03/Liquore.pistacchio.100.jpg,A Ricchigia,
243,Pistakì 700 ml,"Alcolici, Alcolici > Creme, Pistacchio",http://beige-sardine-405916.hostingersite.com/wp-content/uploads/2025/03/Liquore.Pistacchio.700ml.jpg,A Ricchigia,
T0601705000,Friabile con Mandorle e Pistacchi 500gr,"Dolci, Pistacchio, Dolci > Torrone",http://beige-sardine-405916.hostingersite.com/wp-content/uploads/2025/03/14-torrone-a-blocchi_500gr.jpg,Antica Torroneria Piemontese,4 Pcs x Box
T0603001500,Torrone Friabile con Nocciole 150gr,"Dolci, Dolci > Torrone",http://beige-sardine-405916.hostingersite.com/wp-content/uploads/2025/03/torrone-friabile-con-nocciole-150.jpg,Antica Torroneria Piemontese,
T0601501500,Torrone Friabile con Mandorle 150gr,"Dolci, Dolci > Torrone",http://beige-sardine-405916.hostingersite.com/wp-content/uploads/2025/03/torrone-friabile-con-mandorle-150.jpg,Antica Torroneria Piemontese,
T0601702500,Torrone Friabile con Mandorle e Pistacchi 250 gr,"Dolci, Pistacchio, Dolci > Torrone",http://beige-sardine-405916.hostingersite.com/wp-content/uploads/2025/03/torrone-friabile-mandorle-e-pistacchi_250.jpg,Antica Torroneria Piemontese,
T0604301500,"Torrone Morbido con Nocciole ""linea oro"" 150 gr","Dolci, Dolci > Torrone",http://beige-sardine-405916.hostingersite.com/wp-content/uploads/2025/03/torrone-morbido-con-nocciole-1.jpg,Antica Torroneria Piemontese,
T1605500140,Torroncini misti Confezione 140 gr,"Dolci, Dolci > Torrone",http://beige-sardine-405916.hostingersite.com/wp-content/uploads/2025/03/confezione-astuccio-torroncini-2021-HD-scaled-1-e1742475906932.jpg,Antica Torroneria Piemontese,
T1611001410,Tartufini Misti 7 g  Confezione 140gr,"Dolci > Cioccolata, Dolci",http://beige-sardine-405916.hostingersite.com/wp-content/uploads/2025/03/tartufi-dolci-misti-conf-HD.jpg,Antica Torroneria Piemontese,
T1611000750,Tartufini Misti 7 g  Confezione 70 gr,"Dolci > Cioccolata, Dolci",http://beige-sardine-405916.hostingersite.com/wp-content/uploads/2025/03/tartufi-dolci-misti-conf-HD.jpg,Antica Torroneria Piemontese,14 Pcs x Box
T1611000710,Tartufini Misti 7 g  Confezione 70 gr (Argento),"Dolci > Cioccolata, Dolci",http://beige-sardine-405916.hostingersite.com/wp-content/uploads/2025/03/tartufini-dolci-misti_argento.jpg,Antica Torroneria Piemontese,14 Pcs x Box
T1611001400,Tartufini Misti 7 g  Confezione 140 gr (Argento),"Dolci > Cioccolata, Dolci",http://beige-sardine-405916.hostingersite.com/wp-content/uploads/2025/03/tartufini-dolci-misti_argento.jpg,Antica Torroneria Piemontese,
T1605501755,Tartufini dolci misti  7 g Confezione 175 gr,"Dolci > Cioccolata, Dolci",http://beige-sardine-405916.hostingersite.com/wp-content/uploads/2025/03/Tartufini.Scatola.175gr.jpg,Antica Torroneria Piemontese,6 Pcs x Box
T16046OR125,Tartufi Dolci Neri Confezione 125 gr,"Dolci > Cioccolata, Dolci",http://beige-sardine-405916.hostingersite.com/wp-content/uploads/2025/03/Tartufini.Oro_.jpg,Antica Torroneria Piemontese,
403979,Stecche Linee Creme Cioccolato 100grX25pcs,"Dolci, Dolci > Torrone",http://beige-sardine-405916.hostingersite.com/wp-content/uploads/2025/03/Soft-nougat-bars-100g-x-25pcs-CHOCOLATE-CREAMS-scaled-1.jpg,Quaranta,
403980,Stecche Linee Selezione 100grX25pcs,"Dolci, Dolci > Torrone",http://beige-sardine-405916.hostingersite.com/wp-content/uploads/2025/03/Soft-nougat-bars-100g-x-25pcs-SELECTION-scaled-1.jpg,Quaranta,
403984,Stecche Linee Tradizionale 100grX25pcs,"Dolci, Dolci > Torrone",http://beige-sardine-405916.hostingersite.com/wp-content/uploads/2025/03/Soft-nougat-bars-100g-x-25pcs-TRADITIONAL-scaled-1.jpg,Quaranta,
403983,Stecche Linee La Pasticceria 100grX25pcs,"Dolci, Dolci > Torrone",http://beige-sardine-405916.hostingersite.com/wp-content/uploads/2025/03/Soft-nougat-bars-100g-x-25pcs-PASTICCERIA-1.jpg,Quaranta,
,Stecche Linee Pistacchio 100grX25pcs,"Dolci, Pistacchio, Dolci > Torrone",http://beige-sardine-405916.hostingersite.com/wp-content/uploads/2025/03/Soft-nougat-bars-100g-x-25pcs-TRADITIONAL-scaled-1.jpg,Quaranta,
404012,Mattonella Torrone Tenero Mandorla e Nocciola 150gr,"Dolci, Dolci > Torrone",http://beige-sardine-405916.hostingersite.com/wp-content/uploads/2025/03/Q_Mattonella_Mand.Nocc_.jpg,Quaranta,15 Pcs x Box
404013,Mattonella Torrone Tenero Stracciatella 150gr,"Dolci, Dolci > Torrone",http://beige-sardine-405916.hostingersite.com/wp-content/uploads/2025/03/Q_Mattonella_Ciocc.Stracciatella.jpg,Quaranta,15 Pcs x Box
404014,Mattonella Torrone Tenero Lamponi e Cioccolato 150gr,"Dolci, Dolci > Torrone",http://beige-sardine-405916.hostingersite.com/wp-content/uploads/2025/03/Q_Mattonella_Lampone_Ciocc.jpg,Quaranta,15 Pcs x Box
404023,Teneri Torroncini Gusti Assortiti 900gr,"Dolci, Dolci > Torrone",http://beige-sardine-405916.hostingersite.com/wp-content/uploads/2025/03/Torroncini_Sciolti.jpg,Quaranta,3x900gr x Box
404020,Bocconcini Creme Frutta 900gr,"Dolci, Dolci > Torrone",http://beige-sardine-405916.hostingersite.com/wp-content/uploads/2025/03/Bocconcini_creme.frutta.jpg,Quaranta,3x900gr x Box
404021,Bocconcini Creme Cioccolato 900gr,"Dolci, Dolci > Torrone",http://beige-sardine-405916.hostingersite.com/wp-content/uploads/2025/03/Bocconcini_cioccolato.jpg,Quaranta,3x900gr x Box
404022,Bocconcini Creme Tradizionale 900gr,"Dolci, Dolci > Torrone",http://beige-sardine-405916.hostingersite.com/wp-content/uploads/2025/03/Bocconcini_tradizionale.jpg,Quaranta,3x900gr x Box
402096,Trancio Sofficiona Incartato Mandorla 150gr x 12 Fette,"Dolci, Dolci > Torrone",http://beige-sardine-405916.hostingersite.com/wp-content/uploads/2025/03/Q_Trancio_ALMONDS_150gr.webp,Quaranta,
401846,Trancio Soff. Incart. Cioccolato Fondente150gr x 12 Fette,"Dolci, Dolci > Torrone",http://beige-sardine-405916.hostingersite.com/wp-content/uploads/2025/03/Q_Trancio_CIOCCOLATO_150gr.webp,Quaranta,
402057,Trancio Soff. Incart. Frutta Esotica150gr x 12 Fette,"Dolci, Dolci > Torrone",http://beige-sardine-405916.hostingersite.com/wp-content/uploads/2025/03/Q_Trancio_EXOTIC_FRUIT_150gr.webp,Quaranta,
401996,Trancio Soff. Incart. Amaretto150gr x 12 Fette,"Dolci, Dolci > Torrone",http://beige-sardine-405916.hostingersite.com/wp-content/uploads/2025/03/Q_Trancio_AMARETTO_150gr.webp,Quaranta,
402029,Trancio Soff. Incart. Frutti Bosco 150gr x 12 Fette,"Dolci, Dolci > Torrone",http://beige-sardine-405916.hostingersite.com/wp-content/uploads/2025/03/Q_Trancio_FOREST.FRUITS_150gr.webp,Quaranta,
402066,Trancio Soff. Incart. Pistacchio 150gr x 12 Fette,"Dolci, Pistacchio, Dolci > Torrone",http://beige-sardine-405916.hostingersite.com/wp-content/uploads/2025/03/Q_Trancio_Pistacchio_150gr.webp,Quaranta,
,Trancio Soff. Incart. Limone 150gr x 12 Fette,"Dolci, Dolci > Torrone",,Quaranta,
,Trancio Soff. Incart. Caramello 150gr x 12 Fette,"Dolci, Dolci > Torrone",,Quaranta,
404065,Croccante 54 Arachidi 50gr,"Dolci > Croccanti, Dolci",http://beige-sardine-405916.hostingersite.com/wp-content/uploads/2025/03/Q_Croccante_Arachidi.webp,Quaranta,24 Pcs x Display
404066,Croccante 54 Pistacchio 55gr,"Dolci > Croccanti, Dolci, Pistacchio",http://beige-sardine-405916.hostingersite.com/wp-content/uploads/2025/03/Q_Croccante_Pistacchio.png,Quaranta,26 Pcs x Display
404067,Croccante 54 Sesamo 50gr,"Dolci > Croccanti, Dolci",http://beige-sardine-405916.hostingersite.com/wp-content/uploads/2025/03/Q_Croccante_Sesamo.png,Quaranta,24 Pcs x Display
404068,Croccante 54 Nocciola 70gr,"Dolci > Croccanti, Dolci",http://beige-sardine-405916.hostingersite.com/wp-content/uploads/2025/03/Q_Croccante_Nocciole.webp,Quaranta,18 Pcs x Display
404069,Croccante 54 Mandorla 60gr,"Dolci > Croccanti, Dolci",http://beige-sardine-405916.hostingersite.com/wp-content/uploads/2025/03/Q_Croccante_Mandorle.webp,Quaranta,22 Pcs x Display
404069-1,Torrone Caramello Salato Soft,"Dolci, Dolci > Torrone",http://beige-sardine-405916.hostingersite.com/wp-content/uploads/2025/03/Caramel.Salted.jpeg,Quaranta,
AS01,Capelli D'Angelo,"Pasta, Pasta > Pasta all'uovo, Pasta > Pasta Lunga",http://beige-sardine-405916.hostingersite.com/wp-content/uploads/2025/03/01_capelli-dangelo-600x900-1.jpg,Filotea,
AS02,Tagliolini,"Pasta, Pasta > Pasta all'uovo, Pasta > Pasta Lunga",http://beige-sardine-405916.hostingersite.com/wp-content/uploads/2025/03/as02_tagliolini-1-600x900-1.jpg,Filotea,
AS03,Linguine,"Pasta, Pasta > Pasta all'uovo, Pasta > Pasta Lunga",http://beige-sardine-405916.hostingersite.com/wp-content/uploads/2025/03/as03_linguine-1-600x900-1.jpg,Filotea,
AS04,Fettuccine,"Pasta, Pasta > Pasta all'uovo, Pasta > Pasta Lunga",http://beige-sardine-405916.hostingersite.com/wp-content/uploads/2025/03/as04_fettuccine-600x900-1.jpg,Filotea,
AS05,Tagliatelle,"Pasta, Pasta > Pasta all'uovo, Pasta > Pasta Lunga",http://beige-sardine-405916.hostingersite.com/wp-content/uploads/2025/03/as05_tagliatelle-1-600x900-1.jpg,Filotea,
AS06,Pappardelle,"Pasta, Pasta > Pasta all'uovo, Pasta > Pasta Lunga",http://beige-sardine-405916.hostingersite.com/wp-content/uploads/2025/03/as06_pappardelle-1-150x150-1.jpg,Filotea,
AS07,Spaghetti alla Chitarra,"Pasta, Pasta > Pasta all'uovo, Pasta > Pasta Lunga",http://beige-sardine-405916.hostingersite.com/wp-content/uploads/2025/03/Filotea_as07-Spaghetti-Chitarra.jpg,Filotea,
AS10,Linguine Agli & Prezzemolo,"Pasta, Pasta > Pasta all'uovo, Pasta > Pasta Lunga",http://beige-sardine-405916.hostingersite.com/wp-content/uploads/2025/03/as10_linguine-aglio-e-prezzemolo-600x900-1.jpg,Filotea,
AS08,Linguine al Nero di Seppia,"Pasta, Pasta > Pasta all'uovo, Pasta > Pasta Lunga, Prodotto Ittico",http://beige-sardine-405916.hostingersite.com/wp-content/uploads/2025/03/as08_linguine-nero-di-seppia-600x900-1.jpg,Filotea,
AS11,Fettuccine agli Spinaci,"Pasta, Pasta > Pasta all'uovo, Pasta > Pasta Lunga",http://beige-sardine-405916.hostingersite.com/wp-content/uploads/2025/03/as11_fettuccine-spinaci-600x900-1.jpg,Filotea,
AS13,Fettuccine al Limone,"Pasta, Pasta > Pasta all'uovo, Pasta > Pasta Lunga",http://beige-sardine-405916.hostingersite.com/wp-content/uploads/2025/03/as13_fettuccine-limone-600x900-1.jpg,Filotea,
AS09,Fettuccine al Tartufo,"Funghi, Pasta, Pasta > Pasta all'uovo, Pasta > Pasta Lunga, Funghi > Tartufo",http://beige-sardine-405916.hostingersite.com/wp-content/uploads/2025/03/mg_9499r-logo-600x900-1.jpg,Filotea,
4021,Cremino Classico,"Dolci > Cioccolata, Dolci > Cioccolatini, Dolci > Cremino, Dolci",http://beige-sardine-405916.hostingersite.com/wp-content/uploads/2025/03/4021_-_Cremino_Classico_01.webp,Baratti &amp; Milano,5 kg
4026,Cremino Extra Noir,"Dolci > Cioccolata, Dolci > Cioccolatini, Dolci > Cremino, Dolci",http://beige-sardine-405916.hostingersite.com/wp-content/uploads/2025/03/4026_-_Cremino_Noir.webp,Baratti &amp; Milano,5 kg
4022,Cremino Pistacchio,"Dolci > Cioccolata, Dolci > Cioccolatini, Dolci > Cremino, Dolci",http://beige-sardine-405916.hostingersite.com/wp-content/uploads/2025/03/4022_-_Cremino_Pistacchio.webp,Baratti &amp; Milano,5 kg
4027,Cremino 4 Emozioni,"Dolci > Cioccolata, Dolci > Cioccolatini, Dolci > Cremino, Dolci",http://beige-sardine-405916.hostingersite.com/wp-content/uploads/2025/03/4027_-_Cremino_4_emozioni_di_gusto_01.webp,Baratti &amp; Milano,5 kg
4045,Cremino Limoncello,"Dolci > Cioccolata, Dolci > Cioccolatini, Dolci > Cremino, Dolci, Alcolici > Limoncello",http://beige-sardine-405916.hostingersite.com/wp-content/uploads/2025/03/4045_-_Cremino_Limoncello.webp,Baratti &amp; Milano,5 kg
4029,Cremino Caramello,"Dolci > Cioccolata, Dolci > Cioccolatini, Dolci > Cremino, Dolci",http://beige-sardine-405916.hostingersite.com/wp-content/uploads/2025/03/4029-CreminoCaramello.webp,Baratti &amp; Milano,5 kg
4017,Cremino Crème Brulèe,"Dolci > Cioccolata, Dolci > Cioccolatini, Dolci > Cremino, Dolci",http://beige-sardine-405916.hostingersite.com/wp-content/uploads/2025/03/4017_-_Cremino_Creme_Brulee.webp,Baratti &amp; Milano,5 kg
4039,Cremino Tiramisù,"Dolci > Cioccolata, Dolci > Cioccolatini, Dolci > Cremino, Dolci",http://beige-sardine-405916.hostingersite.com/wp-content/uploads/2025/03/4039_-_Cremino_Tiramisu.webp,Baratti &amp; Milano,5 kg
4040,Cremino Tartufo,"Dolci > Cioccolata, Dolci > Cioccolatini, Dolci > Cremino, Dolci",http://beige-sardine-405916.hostingersite.com/wp-content/uploads/2025/03/4040_-_Cremino_Tartufo.webp,Baratti &amp; Milano,5 kg
4024,Cremino Mandorla,"Dolci > Cioccolata, Dolci > Cioccolatini, Dolci > Cremino, Dolci",http://beige-sardine-405916.hostingersite.com/wp-content/uploads/2025/03/4024_-_Cremino_Mandorla.webp,Baratti &amp; Milano,5 kg
4025,Cremino Wafer,"Dolci > Cioccolata, Dolci > Cioccolatini, Dolci > Cremino, Dolci",http://beige-sardine-405916.hostingersite.com/wp-content/uploads/2025/03/4025_-_Cremino_WAFER.webp,Baratti &amp; Milano,5 kg
4032,Cremino 4 Strati,"Dolci > Cioccolata, Dolci > Cioccolatini, Dolci > Cremino, Dolci",http://beige-sardine-405916.hostingersite.com/wp-content/uploads/2025/03/4032_-_Cremino_4_Strati.webp,Baratti &amp; Milano,5 kg
4031,Cremino Rettangolare Caffè,"Dolci > Cioccolata, Dolci > Cioccolatini, Dolci > Cremino, Dolci",http://beige-sardine-405916.hostingersite.com/wp-content/uploads/2025/03/4031_-_Cremino_Rettangolare_Caffe.webp,Baratti &amp; Milano,5 kg
4030,Cremino Rettangolare Nocciola,"Dolci > Cioccolata, Dolci > Cioccolatini, Dolci > Cremino, Dolci",http://beige-sardine-405916.hostingersite.com/wp-content/uploads/2025/03/4030_-_Cremino_Rettangolare_Nocciola.webp,Baratti &amp; Milano,5 kg
4074,Asso Extra Fondente 88%,"Dolci > Cioccolata, Dolci > Cioccolatini, Dolci, Dolci > Cioccolata > Extra Fondente",http://beige-sardine-405916.hostingersite.com/wp-content/uploads/2025/03/4074_-_Asso_Ripieno_Fondente_88.webp,Baratti &amp; Milano,5 kg
4050,Assortito Praline Ripiene,"Dolci > Cioccolata, Dolci > Cioccolatini, Dolci",http://beige-sardine-405916.hostingersite.com/wp-content/uploads/2025/03/4050-AssortitoPralineRipiene500g.webp,Baratti &amp; Milano,5 kg
4080,Assi Ripieni Assortiti,"Dolci > Cioccolata, Dolci > Cioccolatini, Dolci",http://beige-sardine-405916.hostingersite.com/wp-content/uploads/2025/03/4080_-_Assi_ripieni_Assortti.webp,Baratti &amp; Milano,
4077,Asso Extra Fondente 70% Rip. Fondente,"Dolci > Cioccolata, Dolci > Cioccolatini, Dolci, Dolci > Cioccolata > Fondente",http://beige-sardine-405916.hostingersite.com/wp-content/uploads/2025/03/4077_-_Asso_Ripieno_Fondente_Morbido.webp,Baratti &amp; Milano,
4630,Cuneese Al Rum,"Dolci > Cioccolata, Dolci > Cioccolatini, Dolci, Dolci > Cioccolata > Fondente, Alcolici > Rum",http://beige-sardine-405916.hostingersite.com/wp-content/uploads/2025/03/4630_-_Cuneese_al_Rum.webp,Baratti &amp; Milano,5 kg
4004,Gianduiotto Fondente,"Dolci > Cioccolata, Dolci > Cioccolatini, Dolci, Dolci > Cioccolata > Fondente",http://beige-sardine-405916.hostingersite.com/wp-content/uploads/2025/03/4004_-_Gianduiotto_Fondente.webp,Baratti &amp; Milano,5 kg
4010,Napolitains al Latte,"Dolci > Cioccolata, Dolci > Cioccolatini, Dolci, Dolci > Cioccolata > Latte",http://beige-sardine-405916.hostingersite.com/wp-content/uploads/2025/03/4010_-_Napolitains_al_Latte.webp,Baratti &amp; Milano,
4013,Napolitains Extra Fondente 70% con Granella Di Cacao,"Dolci > Cioccolata, Dolci > Cioccolatini, Dolci, Dolci > Cioccolata > Fondente",http://beige-sardine-405916.hostingersite.com/wp-content/uploads/2025/03/4013_-_Napolitains_70_con_Granella_Cacao.webp,Baratti &amp; Milano,
4065,Pralina Nocciolato 1858,"Dolci > Cioccolata, Dolci > Cioccolatini, Dolci, Dolci > Cioccolata > Gianduja, Nocciole",http://beige-sardine-405916.hostingersite.com/wp-content/uploads/2025/03/4065_-_Pralina_Nocciolato_1858.webp,Baratti &amp; Milano,5 kg
4056,Pralina Ripieno Oro Di Mazzetti,"Alcolici, Dolci > Cioccolata, Dolci > Cioccolatini, Dolci, Dolci > Cioccolata > Extra Fondente, Alcolici > Grappe, Alcolici > Liquore",http://beige-sardine-405916.hostingersite.com/wp-content/uploads/2025/03/4056_-_Pralina_Ripiena_Oro_Mazzetti.webp,Baratti &amp; Milano,5 kg
4014,Napolitains Extra Fondente 70% con Granella di Caffè,"Caffè, Dolci > Cioccolata, Dolci > Cioccolatini, Dolci, Dolci > Cioccolata > Extra Fondente",http://beige-sardine-405916.hostingersite.com/wp-content/uploads/2025/03/4014_-_Napolitains_70_con_Granella_Caffe.webp,Baratti &amp; Milano,
4070,"""Damine"" Al Latte Finissimo","Dolci > Cioccolata, Dolci > Cioccolatini, Dolci, Dolci > Cioccolata > Latte",http://beige-sardine-405916.hostingersite.com/wp-content/uploads/2025/03/4070-DamineAlLatteFinissimo500g.webp,Baratti &amp; Milano,
4627,Pralina Cioccolato Bianco Ripieno Limoncello,"Alcolici, Dolci > Cioccolata > Bianco, Dolci > Cioccolata, Dolci > Cioccolatini, Dolci, Alcolici > Limoncello",http://beige-sardine-405916.hostingersite.com/wp-content/uploads/2025/03/4627-PralinaRipienaLimoncello.webp,Baratti &amp; Milano,5 kg
4399,Sacchetto Nocciolato 1858 200g,"Dolci > Cioccolata, Dolci > Cioccolatini, Dolci, Dolci > Cioccolata > Gianduja, Nocciole",http://beige-sardine-405916.hostingersite.com/wp-content/uploads/2025/03/4399_-_Sacchetto_Nocciolato_1858.webp,Baratti &amp; Milano,
4359,Sacchetto Cremino Extra Noir 200g,"Dolci > Cioccolata, Dolci > Cioccolatini, Dolci > Cremino, Dolci, Dolci > Cioccolata > Extra Fondente",http://beige-sardine-405916.hostingersite.com/wp-content/uploads/2025/03/4359_-_Sachetto_Cremino_Extra_Noir.webp,Baratti &amp; Milano,
4358,Sacchetto Cremino Classico 200g,"Dolci > Cioccolata, Dolci > Cioccolatini, Dolci > Cremino, Dolci, Dolci > Cioccolata > Gianduja, Nocciole",http://beige-sardine-405916.hostingersite.com/wp-content/uploads/2025/03/4358_-_Sacchetto_Cremino_Classico.webp,Baratti &amp; Milano,
4363,Sacchetto Cremino Limoncello 200g,"Alcolici, Dolci > Cioccolata > Bianco, Dolci > Cioccolata, Dolci > Cioccolatini, Dolci > Cremino, Dolci, Alcolici > Limoncello, Alcolici > Liquore, Nocciole",http://beige-sardine-405916.hostingersite.com/wp-content/uploads/2025/03/4363_-_Sacchetto_Cremino_Limoncello.webp,Baratti &amp; Milano,
4330,Sacchetto Gianduiotto Fondente 200g,"Dolci > Cioccolata > Bianco, Dolci > Cioccolata, Dolci > Cioccolatini, Dolci, Dolci > Cioccolata > Fondente, Dolci > Cioccolata > Gianduja, Nocciole",http://beige-sardine-405916.hostingersite.com/wp-content/uploads/2025/03/4330_-_Sacchetto_Gianduiotto_Fondente.webp,Baratti &amp; Milano,
4360,Sacchetto Cremino Tartufo 200g,"Dolci > Cioccolata, Dolci > Cioccolatini, Dolci > Cremino, Dolci, Dolci > Cioccolata > Fondente, Dolci > Cioccolata > Gianduja, Nocciole",http://beige-sardine-405916.hostingersite.com/wp-content/uploads/2025/03/4360_-_Sacchetto_Cremino_Tiramisu.webp,Baratti &amp; Milano,
4362,Sacchetto Cremino Pistacchio 200g,"Dolci > Cioccolata, Dolci > Cioccolatini, Dolci > Cremino, Dolci, Dolci > Cioccolata > Gianduja, Pistacchio",http://beige-sardine-405916.hostingersite.com/wp-content/uploads/2025/03/4362_-_Sacchetto_Cremino_Pistacchio.webp,Baratti &amp; Milano,
4329,Sacchetto Gianduiotto Classico 200g,"Dolci > Cioccolata, Dolci > Cioccolatini, Dolci, Dolci > Cioccolata > Gianduja, Nocciole",http://beige-sardine-405916.hostingersite.com/wp-content/uploads/2025/03/4329_-_Sacchetto_Gianduiotto_Classico.webp,Baratti &amp; Milano,
4233,Tavoletta Extra Fondente 70% Limone e Ginger 75g,"Dolci > Cioccolata, Dolci, Dolci > Cioccolata > Extra Fondente",http://beige-sardine-405916.hostingersite.com/wp-content/uploads/2025/03/4233_-_Tavoletta_70_Scorza_Limone_e_Ginger.webp,Baratti &amp; Milano,
4228,Tavoletta Extra Fondente 70% Cristalli Di Menta 75g,"Dolci > Cioccolata, Dolci, Dolci > Cioccolata > Extra Fondente",http://beige-sardine-405916.hostingersite.com/wp-content/uploads/2025/03/4228_-_Tavoletta_70_Cristalli_Menta.webp,Baratti &amp; Milano,
4234,Tavoletta Cioccolato Bianco Alla Rosa 75g,"Dolci > Cioccolata > Bianco, Dolci > Cioccolata, Dolci",http://beige-sardine-405916.hostingersite.com/wp-content/uploads/2025/03/4234_-_Tavoletta_Bianco_e_Rosa.webp,Baratti &amp; Milano,
4213,"Tavoletta Cioccolato Bianco, Champagne e Ribes 75g","Dolci > Cioccolata > Bianco, Dolci > Cioccolata, Dolci",http://beige-sardine-405916.hostingersite.com/wp-content/uploads/2025/03/4213_-_Tavoletta_Champagne_Ribes_Nero.webp,Baratti &amp; Milano,
4211,Tavoletta Cioccolato Bianco Alla Menta 75g,"Dolci > Cioccolata > Bianco, Dolci > Cioccolata, Dolci",http://beige-sardine-405916.hostingersite.com/wp-content/uploads/2025/03/4211_-_Tavoletta_Foglie_di_menta.webp,Baratti &amp; Milano,
4225,Tavoletta Extra Fondente 70% con Mirtilli 75g,"Dolci > Cioccolata, Dolci, Dolci > Cioccolata > Extra Fondente",http://beige-sardine-405916.hostingersite.com/wp-content/uploads/2025/03/4225_-_Tavoletta_70_Mirtillo_Mandorla.webp,Baratti &amp; Milano,
4236,Tavoletta Extra Fondente 70% Lampone e Mandorle 75g,"Dolci > Cioccolata, Dolci, Dolci > Cioccolata > Extra Fondente, Mandorle",http://beige-sardine-405916.hostingersite.com/wp-content/uploads/2025/03/4236_-_Tavoletta_70_Lampone_e_Mandorla.webp,Baratti &amp; Milano,
4242,Tavoletta Extra Fondente 75% Ecuador 75g,"Dolci > Cioccolata, Dolci, Dolci > Cioccolata > Extra Fondente",http://beige-sardine-405916.hostingersite.com/wp-content/uploads/2025/03/4242_-_Tavoletta_75_Ecuador.webp,Baratti &amp; Milano,
4227,Tavoletta Extra Fondente 88% 75g,"Dolci > Cioccolata, Dolci, Dolci > Cioccolata > Extra Fondente",http://beige-sardine-405916.hostingersite.com/wp-content/uploads/2025/03/4227_-_Tavoletta_88_Cacao.webp,Baratti &amp; Milano,
4229,Tavoletta Extra Fondente 70% Mandorle e Arancia 75g,"Dolci > Cioccolata, Dolci, Dolci > Cioccolata > Extra Fondente, Mandorle",http://beige-sardine-405916.hostingersite.com/wp-content/uploads/2025/03/4229_-_Tavoletta_70_Mandorla_Arancia.webp,Baratti &amp; Milano,
4222,Tavoletta al Latte Finissimo 75g,"Dolci > Cioccolata, Dolci, Dolci > Cioccolata > Latte",http://beige-sardine-405916.hostingersite.com/wp-content/uploads/2025/03/4222_-_Tavoletta_Latte_Finissimo.webp,Baratti &amp; Milano,
4223,Tavoletta al Latte con Cristalli Di Caramello 75g,"Dolci > Cioccolata, Dolci, Dolci > Cioccolata > Latte",http://beige-sardine-405916.hostingersite.com/wp-content/uploads/2025/03/4223_-_Tavoletta_Latte_con_Cristalli_Caramello.webp,Baratti &amp; Milano,
4241,Tavoletta Extra Fondente 99% Ecuador 75g,"Dolci > Cioccolata, Dolci, Dolci > Cioccolata > Extra Fondente",http://beige-sardine-405916.hostingersite.com/wp-content/uploads/2025/03/4241_-_Tavoletta_99_Cacao.webp,Baratti &amp; Milano,
4224,Tavoletta Extra Fondente 70% con Caffè Arabica 75g,"Caffè, Dolci > Cioccolata, Dolci, Dolci > Cioccolata > Extra Fondente",http://beige-sardine-405916.hostingersite.com/wp-content/uploads/2025/03/4224_-_Tavoletta_70_Granella_Caffe.webp,Baratti &amp; Milano,
4231,Tavoletta Cioccolato Gianduja 75g,"Dolci > Cioccolata, Dolci, Dolci > Cioccolata > Gianduja",http://beige-sardine-405916.hostingersite.com/wp-content/uploads/2025/03/4231_-_Tavoletta_Gianduja.webp,Baratti &amp; Milano,
4226,Tavoletta Extra Fondente 70% 75g,"Dolci > Cioccolata, Dolci, Dolci > Cioccolata > Extra Fondente",http://beige-sardine-405916.hostingersite.com/wp-content/uploads/2025/03/4226_-_Tavoletta_Extrafondente_70.webp,Baratti &amp; Milano,
4200,Tavoletta Latte con Nocciole 75g,"Dolci > Cioccolata, Dolci, Dolci > Cioccolata > Latte, Nocciole",http://beige-sardine-405916.hostingersite.com/wp-content/uploads/2025/03/4200_-_Tavoletta_Latte_e_Nocciole.webp,Baratti &amp; Milano,
4221,"Tavoletta Al Latte con Pera, Mandorle e Miele 75g","Dolci > Cioccolata, Dolci, Dolci > Cioccolata > Latte, Mandorle, Miele",http://beige-sardine-405916.hostingersite.com/wp-content/uploads/2025/03/4221-TavolettaAlLatteconPeraMandorleeMiele.webp,Baratti &amp; Milano,
4285,Tavoletta Cremino Classico 110g,"Dolci > Cioccolata, Dolci, Dolci > Cioccolata > Gianduja, Dolci > Cioccolata > Latte, Nocciole",http://beige-sardine-405916.hostingersite.com/wp-content/uploads/2025/03/4285_-_Tavoletta_Cremino_Classico_01.webp,Baratti &amp; Milano,
4286,Tavoletta Cremino Extra Noir 110g,"Dolci > Cioccolata, Dolci, Dolci > Cioccolata > Extra Fondente, Dolci > Cioccolata > Gianduja, Dolci > Cioccolata > Latte, Nocciole",http://beige-sardine-405916.hostingersite.com/wp-content/uploads/2025/03/4286_-_Tavoletta_Cremino_Noir_01.webp,Baratti &amp; Milano,
4287,Tavoletta Cremino Pistacchio 110g,"Dolci > Cioccolata, Dolci > Cremino, Dolci, Dolci > Cioccolata > Gianduja, Dolci > Cioccolata > Latte, Nocciole, Pistacchio",http://beige-sardine-405916.hostingersite.com/wp-content/uploads/2025/03/4287_-_Tavoletta_Cremino_Pistacchio_110gr.webp,Baratti &amp; Milano,
5875,Sacchetto Caramella Classica Gusto Spritz - 200g,"Alcolici, Dolci > Caramelle, Dolci",http://beige-sardine-405916.hostingersite.com/wp-content/uploads/2025/03/5875-SacchettoSpritz.webp,Baratti &amp; Milano,
5879,Sacchetto Caramella Ripiena Limoncello - 200g,"Alcolici, Dolci > Caramelle, Dolci, Alcolici > Limoncello",http://beige-sardine-405916.hostingersite.com/wp-content/uploads/2025/03/5879-SacchettoRipienaLimoncello.webp,Baratti &amp; Milano,
5869,Sacchetto Gelée Giada Assortite - 200g,"Dolci > Caramelle, Dolci, Dolci > Frutta, Dolci > Gelatine",http://beige-sardine-405916.hostingersite.com/wp-content/uploads/2025/03/5869-SacchettoGeleeGiada.webp,Baratti &amp; Milano,
5727,Sacchetto Caramella Classica Gusti Assortiti - 200g,"Dolci > Caramelle, Dolci, Dolci > Frutta",http://beige-sardine-405916.hostingersite.com/wp-content/uploads/2025/03/5727-SacchettoClassicaAssorita.webp,Baratti &amp; Milano,
5866,Confezione Regalo Gelée Giada Assortite - 400g,"Dolci > Caramelle, Dolci, Dolci > Frutta, Dolci > Gelatine",http://beige-sardine-405916.hostingersite.com/wp-content/uploads/2025/03/5866-ConfezioneRegaloGiada.webp,Baratti &amp; Milano,
5805,Mini Latta Barattina Assortita - 40g,"Dolci > Caramelle, Dolci, Dolci > Frutta",http://beige-sardine-405916.hostingersite.com/wp-content/uploads/2025/03/5805-MiniLattaBarattina.webp,Baratti &amp; Milano,12
5711,Confezione Regalo Caramella Classica Assortita - 400g,"Dolci > Caramelle, Dolci, Dolci > Frutta",http://beige-sardine-405916.hostingersite.com/wp-content/uploads/2025/03/5711-ConfezioneRegaloClassicaAssortite.webp,Baratti &amp; Milano,
5848,Latta Gelée Giada Assortite - 85g,"Dolci > Caramelle, Dolci, Dolci > Frutta, Dolci > Gelatine",http://beige-sardine-405916.hostingersite.com/wp-content/uploads/2025/03/5848-LattaGeleeGiada.webp,Baratti &amp; Milano,10
4163,Ovetti Latte Ripieno Pistacchio E Caramello 500g,"Dolci > Caramello, Dolci > Cioccolatini, Dolci, Dolci > Cioccolata > Latte, Pistacchio",http://beige-sardine-405916.hostingersite.com/wp-content/uploads/2025/03/4163_-_Ovetti_Latte_Ripieno_Pistacchio_e_Caramello_500g.webp,Baratti &amp; Milano,5 kg
4134,Ovetti Al Latte Ripieni Assortiti 500g,"Dolci > Cacao, Dolci > Cioccolatini, Dolci > Crema, Dolci, Nocciole",http://beige-sardine-405916.hostingersite.com/wp-content/uploads/2025/03/4134_-_Ovetti_al_Latte_Ripieni_Assortiti_500g.webp,Baratti &amp; Milano,5 KG
4154,"Ovetti Fondenti Ripieni Assortiti Fondente, Mandorla 500g","Dolci > Cacao, Dolci > Cioccolatini, Dolci, Dolci > Cioccolata > Extra Fondente, Dolci > Cioccolata > Gianduja, Mandorle",http://beige-sardine-405916.hostingersite.com/wp-content/uploads/2025/03/4154_-_Ovetti_Fondenti_Ripieni_Fondente_e_Mandorla_500g.webp,Baratti &amp; Milano,5 kg
4653,Crema Baratti 51% Nocciole 200g,"Dolci > Cacao, Dolci > Creme, Dolci, Dolci > Cioccolata > Gianduja, Nocciole, Pasticceria, Spalmabili",http://beige-sardine-405916.hostingersite.com/wp-content/uploads/2025/03/4653_-_Crema_Spalmabile_Baratti_51_Nocciole.webp,Baratti &amp; Milano,12
4610,Amaretti Soffici Classici Sfusi,"Dolci > Biscotti, Dolci, Mandorle, Pasticceria",http://beige-sardine-405916.hostingersite.com/wp-content/uploads/2025/03/Ameterri_Classici-1.jpg,Baratti &amp; Milano,3 kg
4612,Amaretti Soffici Frutta Sfusi,"Dolci > Biscotti, Dolci, Mandorle, Pasticceria",http://beige-sardine-405916.hostingersite.com/wp-content/uploads/2025/03/Ameterri_Frutta.jpg,Baratti &amp; Milano,3 kg
,Espositore Peperoncino piccante in crema 24 Pz,"Condimento, Olio, Peperoncino, Piccante, Salse, Spalmabili, Spezie",http://beige-sardine-405916.hostingersite.com/wp-content/uploads/2025/03/peperoncino-piccante-in-crema.jpg,Iasa,
,Box Peperoncino piccante in olio di oliva 12 Pz 100gr,"Condimento, Olio, Peperoncino, Piccante, Salse, Spalmabili, Spezie",http://beige-sardine-405916.hostingersite.com/wp-content/uploads/2025/03/peperoncino-piccante-in-olio-di-oliva_piccolo.jpg,Iasa,
,Box Peperoncino piccante in olio di oliva 12 Pz 200 gr,"Condimento, Olio, Peperoncino, Piccante, Salse, Spalmabili, Spezie",http://beige-sardine-405916.hostingersite.com/wp-content/uploads/2025/03/box-ragu-di-mare-piccante_200.jpg,Iasa,
,Filetti di alici del Mar Cantarbico in olio di oliva 45 gr,"Conserve, Olio, Prodotto Ittico",http://beige-sardine-405916.hostingersite.com/wp-content/uploads/2025/03/filetti-di-alici-del-mar-cantarbico-in-olio-di-oliva.jpg,Iasa,
,Filetti di alici - Selezione Gourmet 20 gr,"Conserve, Prodotto Ittico",http://beige-sardine-405916.hostingersite.com/wp-content/uploads/2025/03/filetti-di-alici-selezione-gourmet.jpg,Iasa,
,Pasta di acciughe 55 gr,"Conserve, Prodotto Ittico, Salse, Spalmabili",http://beige-sardine-405916.hostingersite.com/wp-content/uploads/2025/03/pasta-di-acciughe.jpg,Iasa,
,Colatura di alici 100 ml,"Condimento, Conserve, Prodotto Ittico, Salse",http://beige-sardine-405916.hostingersite.com/wp-content/uploads/2025/03/Colatura_Alici.jpg,Iasa,
,Pappardelle 500gr,"Pasta, Pasta > Pasta Lunga",http://beige-sardine-405916.hostingersite.com/wp-content/uploads/2025/03/809_pappardelle.jpg,Michele Portoghese,
,Fettuccine 500gr,"Pasta, Pasta > Pasta Lunga",http://beige-sardine-405916.hostingersite.com/wp-content/uploads/2025/03/808_fettuccine.jpg,Michele Portoghese,
,Mafaldine 500gr,"Pasta, Pasta > Pasta Lunga",http://beige-sardine-405916.hostingersite.com/wp-content/uploads/2025/03/768_mafaldine.jpg,Michele Portoghese,
,Tagliatelle 500 gr,"Pasta, Pasta > Pasta Lunga",http://beige-sardine-405916.hostingersite.com/wp-content/uploads/2025/03/807_tagliatelle.jpg,Michele Portoghese,
,Bucatini 500 gr,"Pasta, Pasta > Pasta Lunga",http://beige-sardine-405916.hostingersite.com/wp-content/uploads/2025/03/780_bucatini.jpg,Michele Portoghese,
,Spaghetti alla Chitarra 500 gr,"Pasta, Pasta > Pasta Lunga",http://beige-sardine-405916.hostingersite.com/wp-content/uploads/2025/03/756_spaghetti-alla-chitarra.jpg,Michele Portoghese,
,Fusilli Lunghi 500 gr,"Pasta, Pasta > Pasta Lunga",http://beige-sardine-405916.hostingersite.com/wp-content/uploads/2025/03/753_fusilli-lunghi.jpg,Michele Portoghese,
,Fettucce 500 gr,"Pasta, Pasta > Pasta Lunga",http://beige-sardine-405916.hostingersite.com/wp-content/uploads/2025/03/704_fettucce.jpg,Michele Portoghese,
,Speghettoni 500 gr,"Pasta, Pasta > Pasta Lunga",http://beige-sardine-405916.hostingersite.com/wp-content/uploads/2025/03/702_spaghettoni.jpg,Michele Portoghese,
,Spaghettini 500 gr,"Pasta, Pasta > Pasta Lunga",http://beige-sardine-405916.hostingersite.com/wp-content/uploads/2025/03/700_spaghettini.jpg,Michele Portoghese,
,Maccheroni 500 gr,"Pasta, Pasta > Pasta Corta",http://beige-sardine-405916.hostingersite.com/wp-content/uploads/2025/03/755_maccheroni.jpg,Michele Portoghese,
,Taccozzelle / Pizzichi 500 gr,"Pasta, Pasta > Pasta Corta",http://beige-sardine-405916.hostingersite.com/wp-content/uploads/2025/03/754_taccozzelle.jpg,Michele Portoghese,
,Ruote 500 gr,"Pasta, Pasta > Pasta Corta",http://beige-sardine-405916.hostingersite.com/wp-content/uploads/2025/03/735_ruote.jpg,Michele Portoghese,
,Farfalle 500 gr,"Pasta, Pasta > Pasta Corta",http://beige-sardine-405916.hostingersite.com/wp-content/uploads/2025/03/723_farfalle.jpg,Michele Portoghese,
,Permanenti / Viti 500 gr,"Pasta, Pasta > Pasta Corta",http://beige-sardine-405916.hostingersite.com/wp-content/uploads/2025/03/722_permanent-viti.jpg,Michele Portoghese,
,Calamarata 500 gr,"Pasta, Pasta > Pasta Corta",http://beige-sardine-405916.hostingersite.com/wp-content/uploads/2025/03/412_calamarata.jpg,Michele Portoghese,
,Fusilli con Buco 500 gr,"Pasta, Pasta > Pasta Corta",,Michele Portoghese,
,Conchiglioni 500 gr,"Pasta, Pasta > Pasta Corta",http://beige-sardine-405916.hostingersite.com/wp-content/uploads/2025/03/406_conchiglioni.jpg,Michele Portoghese,
,Lumaconi 500 gr,"Pasta, Pasta > Pasta Corta",http://beige-sardine-405916.hostingersite.com/wp-content/uploads/2025/03/404_lumaconi.jpg,Michele Portoghese,
,Paccheri 500 gr,"Pasta, Pasta > Pasta Corta",http://beige-sardine-405916.hostingersite.com/wp-content/uploads/2025/03/400_paccheri.jpg,Michele Portoghese,
,Orecchiette 500 gr,"Pasta, Pasta > Pasta Corta",http://beige-sardine-405916.hostingersite.com/wp-content/uploads/2025/03/729_orecchiette.jpg,Michele Portoghese,
,Sedani Rigati 500 gr,"Pasta, Pasta > Pasta Corta",http://beige-sardine-405916.hostingersite.com/wp-content/uploads/2025/03/711_sedani-rigati.jpg,Michele Portoghese,
,Strozzapreti 500 gr,"Pasta, Pasta > Pasta Corta",http://beige-sardine-405916.hostingersite.com/wp-content/uploads/2025/03/721_strozzapreti.jpg,Michele Portoghese,
,Mezze Penne Rigate 500 gr,"Pasta, Pasta > Pasta Corta",http://beige-sardine-405916.hostingersite.com/wp-content/uploads/2025/03/707_mezze-penne-rigate.jpg,Michele Portoghese,
,Penne Rigate 500 gr,"Pasta, Pasta > Pasta Corta",http://beige-sardine-405916.hostingersite.com/wp-content/uploads/2025/03/706_penne-rigate.jpg,Michele Portoghese,
,Linguine 500 gr,"Pasta, Pasta > Pasta Lunga",http://beige-sardine-405916.hostingersite.com/wp-content/uploads/2025/03/703_linguine.jpg,Michele Portoghese,
BAT01,"Burro, Acciughe e Tartufo","Conserve, Funghi, Salse, Spalmabili, Funghi > Tartufo",,Gemignani Tartufi,
M170,Olio al Tartufo Nero (con testimone) 60 ml,"Funghi, Olio, Funghi > Tartufo",,Gemignani Tartufi,
M100,Olio al Tartufo Nero (con testimone) 100 ml,"Funghi, Olio, Funghi > Tartufo",,Gemignani Tartufi,
A150,Olio al Tartufo Nero (con testimone) 250 ml,"Funghi, Olio, Funghi > Tartufo",,Gemignani Tartufi,
M190,Olio al Tartufo Bianco (con testimone) 60 ml,"Funghi, Olio, Funghi > Tartufo",,Gemignani Tartufi,
BM100,Olio al Tartufo Bianco (con testimone) 100 ml,"Funghi, Olio, Funghi > Tartufo",,Gemignani Tartufi,
A140,Olio al Tartufo Bianco (con testimone) 250 ml,"Funghi, Olio, Funghi > Tartufo",,Gemignani Tartufi,
BC01,Burro al Tartufo Bianco a Lunga Cons. 75 gr,"Funghi, Spalmabili, Funghi > Tartufo",,Gemignani Tartufi,
BC02,Burro al Tartufo Bianco a Lunga Cons. 150 gr,"Funghi, Spalmabili, Funghi > Tartufo",,Gemignani Tartufi,
TB080,"Salsa Bianca ""La Tartufina"" 80 gr","Condimento, Conserve, Funghi, Spalmabili, Funghi > Tartufo",,Gemignani Tartufi,
TB180,"Salsa Bianca ""La Tartufina"" 180 gr","Condimento, Conserve, Funghi, Spalmabili, Funghi > Tartufo",,Gemignani Tartufi,
BTF40,Carpaccio di Tartufo Bianchetto 80/40 gr,"Conserve, Funghi, Funghi > Tartufo",,Gemignani Tartufi,
BT1,Tartufo Bianchetto Interno al Naturale 90/40 gr,"Conserve, Funghi, Funghi > Tartufo",,Gemignani Tartufi,
CB01,Pate' Di Tartufo Bianco Pregiato (70% Tart.) 30 gr,"Conserve, Funghi, Spalmabili, Funghi > Tartufo",,Gemignani Tartufi,24
CB01-1,Cacio E Pepe Con Tartufo Bianco 75gr,"Condimento, Conserve, Formaggio, Funghi, Salse, Funghi > Tartufo",,Gemignani Tartufi,24
STR02,Salsa Tartufata 1% Tartufo 80gr,"Condimento, Conserve, Funghi, Salse, Spalmabili, Funghi > Tartufo",,Gemignani Tartufi,12
ST001,"Salsa ""Classica ""La Tartufina"" 4% 80gr","Condimento, Conserve, Funghi, Salse, Spalmabili, Funghi > Tartufo",,Gemignani Tartufi,9
ST002,"Salsa ""Classica ""La Tartufina"" 4% 180gr","Condimento, Conserve, Funghi, Salse, Spalmabili, Funghi > Tartufo",,Gemignani Tartufi,9
AS19,Spaghettoni,"Pasta, Pasta > Pasta all'uovo, Pasta > Pasta Lunga",http://beige-sardine-405916.hostingersite.com/wp-content/uploads/2025/03/as19_spaghettoni-tonnarelli-600x900-1.jpg,Filotea,
,Astuccio Frutti Bosco gr,"Dolci, Dolci > Frutta, Dolci > Torrone",http://beige-sardine-405916.hostingersite.com/wp-content/uploads/2025/04/Asuccio_Frutti.Bosco_.png,Quaranta,
COMP07,Composta di Fichi 100%,"Composta, Dolci > Confetture, Conserve, Dolci > Frutta, Dolci > Gelatine, Marmellata, Spalmabili",http://beige-sardine-405916.hostingersite.com/wp-content/uploads/2025/04/CRN_composta_fichi_Mieleria_Rossi_Novaro_230g_600x800-300x300-1.jpg,Apicoltura Rossi,
COMP08,Composta di Amarene 100%,"Composta, Dolci > Confetture, Conserve, Dolci, Dolci > Frutta, Dolci > Gelatine, Marmellata, Spalmabili",http://beige-sardine-405916.hostingersite.com/wp-content/uploads/2025/04/CRN_composta_amarene_Mieleria_Rossi_Novaro_230g_600x800-300x300-1.jpg,Apicoltura Rossi,
COMP04,Composta di Mirtilli 100%,"Composta, Dolci > Confetture, Conserve, Dolci, Dolci > Frutta, Dolci > Gelatine, Marmellata, Spalmabili",http://beige-sardine-405916.hostingersite.com/wp-content/uploads/2025/04/CRN_composta_mirtilli_Mieleria_Rossi_Novaro_230g_600x800-300x300-1.jpg,Apicoltura Rossi,
COMP03,Composta di Arance 100%,"Composta, Dolci > Confetture, Conserve, Dolci, Dolci > Frutta, Dolci > Gelatine, Marmellata, Spalmabili",http://beige-sardine-405916.hostingersite.com/wp-content/uploads/2025/04/CRN_composta_arance_Mieleria_Rossi_Novaro_230g_600x800-300x300-1.jpg,Apicoltura Rossi,
COMP01,Composta di Albicocche 100%,"Composta, Dolci > Confetture, Conserve, Dolci, Dolci > Frutta, Dolci > Gelatine, Marmellata, Spalmabili",http://beige-sardine-405916.hostingersite.com/wp-content/uploads/2025/04/CRN_composta_albicocca_Mieleria_Rossi_Novaro_230g_600x800-300x300-1.jpg,Apicoltura Rossi,
COMP05,Composta di Fragole 100%,"Composta, Dolci > Confetture, Conserve, Dolci, Dolci > Frutta, Dolci > Gelatine, Marmellata, Spalmabili",http://beige-sardine-405916.hostingersite.com/wp-content/uploads/2025/04/CRN_composta_fragole_Mieleria_Rossi_Novaro_230g_600x800-300x300-1.jpg,Apicoltura Rossi,
COMP02,Composta di Prugne 100%,"Composta, Dolci > Confetture, Conserve, Dolci, Dolci > Frutta, Dolci > Gelatine, Marmellata, Spalmabili",http://beige-sardine-405916.hostingersite.com/wp-content/uploads/2025/04/CRN_composta_prugne_Mieleria_Rossi_Novaro_230g_600x800-300x300-1.jpg,Apicoltura Rossi,
COMP06,Composta di Frutti di Bosco 100%,"Composta, Dolci > Confetture, Conserve, Dolci, Dolci > Frutta, Dolci > Gelatine, Marmellata, Spalmabili",http://beige-sardine-405916.hostingersite.com/wp-content/uploads/2025/04/CRN_composta_frutti_di_bosco_Mieleria_Rossi_Novaro_230g_600x800-300x300-1.jpg,Apicoltura Rossi,
ML09/4 0,Miele Limone 40gr,"Dolci > Frutta, Miele",http://beige-sardine-405916.hostingersite.com/wp-content/uploads/2025/04/Miele-di-Limone-40gr-2.png,Apicoltura Rossi,
ML08/4 0,Miele Arancio 40gr,"Dolci > Frutta, Miele",http://beige-sardine-405916.hostingersite.com/wp-content/uploads/2025/04/MRN_miele_di_arancia_40gr-2.jpg,Apicoltura Rossi,
ML02/4 0,Miele Girasole 40gr,Miele,http://beige-sardine-405916.hostingersite.com/wp-content/uploads/2025/04/MRN_miele_di_girasole_40gr-2.jpg,Apicoltura Rossi,
ML16/4 0,Miele Acacia 40gr,Miele,http://beige-sardine-405916.hostingersite.com/wp-content/uploads/2025/04/MRN_miele_di_acacia_45gr-2.jpg,Apicoltura Rossi,
ML03/4 0,Miele Eucalipto 40gr,Miele,http://beige-sardine-405916.hostingersite.com/wp-content/uploads/2025/04/Miele-di-eucalipto-40gr-2.png,Apicoltura Rossi,
ML01/4 0,Miele Millefiori 40gr,Miele,http://beige-sardine-405916.hostingersite.com/wp-content/uploads/2025/04/Miele-millefiori-40gr-2.png,Apicoltura Rossi,
ML01/T,Miele Millefiori 400 gr,Miele,http://beige-sardine-405916.hostingersite.com/wp-content/uploads/2025/04/miele-toscano-millefiori-2.jpg,Apicoltura Rossi,
ML16/T,Miele Acacia 400 gr,Miele,http://beige-sardine-405916.hostingersite.com/wp-content/uploads/2025/04/miele-toscano-acacia-300x300-1.jpg,Apicoltura Rossi,
ML10/T,Miele Castagno 400 gr,Miele,http://beige-sardine-405916.hostingersite.com/wp-content/uploads/2025/04/miele-toscano-castagno-300x300-1.jpg,Apicoltura Rossi,
ML15/T,Miele Rosmarino 400 gr,Miele,http://beige-sardine-405916.hostingersite.com/wp-content/uploads/2025/04/MRN_miele_di_rosmarino.jpg,Apicoltura Rossi,
ML02/T,Miele Girasole 400 gr,Miele,http://beige-sardine-405916.hostingersite.com/wp-content/uploads/2025/04/miele-toscano-girasole-300x300-1.jpg,Apicoltura Rossi,
ML03/T,Miele Eucalipto 400 gr,Miele,http://beige-sardine-405916.hostingersite.com/wp-content/uploads/2025/04/Miele-di-eucalipto-e1745862637541.png,Apicoltura Rossi,
,Parpaccio Limone Ginger,"Aceto, Aceto > Aceto Balsamico, Composta, Condimento, Dolci > Gelatine",http://beige-sardine-405916.hostingersite.com/wp-content/uploads/2025/04/limone-zenzero-4677-e1745865436226.png,Mengazzoli,
,Parpaccio Lampone,"Aceto, Aceto > Aceto Balsamico, Composta, Condimento, Dolci > Gelatine",http://beige-sardine-405916.hostingersite.com/wp-content/uploads/2025/04/lampone-4674-e1745865482755.png,Mengazzoli,
,Parpaccio Clássico,"Aceto, Aceto > Aceto Balsamico, Composta, Condimento, Dolci > Gelatine",http://beige-sardine-405916.hostingersite.com/wp-content/uploads/2025/04/balsamico-classico-e1745865472542.png,Mengazzoli,
,Parpaccio Arancia Cannella,"Aceto, Aceto > Aceto Balsamico, Composta, Condimento, Dolci > Gelatine",http://beige-sardine-405916.hostingersite.com/wp-content/uploads/2025/04/arancia-cannella-4679-e1745865461709.png,Mengazzoli,
,Aceto Balsamico Spray,"Aceto, Aceto > Aceto Balsamico, Condimento",,Mengazzoli,
,Aceto Perle di Aceto Balsamico,"Aceto, Aceto > Aceto Balsamico, Condimento",http://beige-sardine-405916.hostingersite.com/wp-content/uploads/2025/04/perle-di-balsamico-M-2548-e1745865449972.jpg,Mengazzoli,
,Panforte Noci Fichi 250gr,"Dolci > Frutta Candita, Mandorle, Miele, Panforte, Pasticceria",http://beige-sardine-405916.hostingersite.com/wp-content/uploads/2025/04/PanforteNoceFichi.jpg-724×1024-pixel.jpeg-e1745899939995.png,Le Logge,
,Panforte Noci Fichi 100gr,"Dolci, Dolci > Frutta Candita, Mandorle, Miele, Panforte, Pasticceria",http://beige-sardine-405916.hostingersite.com/wp-content/uploads/2025/04/PanforteNoceFichi.jpg-724×1024-pixel.jpeg-e1745899939995.png,Le Logge,
,Panforte Margherita 100gr,"Dolci, Dolci > Frutta Candita, Mandorle, Miele, Panforte, Pasticceria",http://beige-sardine-405916.hostingersite.com/wp-content/uploads/2025/04/panforteMargherita-e1745899638162.png,Le Logge,
,Panforte Margherita 250gr,"Dolci, Dolci > Frutta Candita, Mandorle, Miele, Panforte, Pasticceria",http://beige-sardine-405916.hostingersite.com/wp-content/uploads/2025/04/panforteMargherita-e1745899638162.png,Le Logge,
,Panforte Panpepato 250gr,"Dolci, Dolci > Frutta Candita, Mandorle, Miele, Panforte, Pasticceria",http://beige-sardine-405916.hostingersite.com/wp-content/uploads/2025/04/Papenpepato-e1745899626973.png,Le Logge,
,Panforte Panpepato 100gr,"Dolci, Dolci > Frutta Candita, Mandorle, Miele, Panforte, Pasticceria",http://beige-sardine-405916.hostingersite.com/wp-content/uploads/2025/04/Papenpepato-e1745899626973.png,Le Logge,
,Panforte Cioccolato Ciliegie 100gr,"Dolci > Cioccolata, Dolci, Dolci > Frutta Candita, Mandorle, Miele, Panforte, Pasticceria",http://beige-sardine-405916.hostingersite.com/wp-content/uploads/2025/04/panforteCioccolatoCiliege-e1745899595267.png,Le Logge,
,Panforte Cioccolato Ciliegie 250gr,"Dolci > Cioccolata, Dolci, Dolci > Frutta Candita, Mandorle, Miele, Panforte, Pasticceria",http://beige-sardine-405916.hostingersite.com/wp-content/uploads/2025/04/panforteCioccolatoCiliege-e1745899595267.png,Le Logge,
,Panforte Pere Cioccolato 250gr,"Dolci > Cioccolata, Dolci, Dolci > Frutta Candita, Mandorle, Miele, Panforte, Pasticceria",http://beige-sardine-405916.hostingersite.com/wp-content/uploads/2025/04/panfortePereCioccolato-e1745899569573.png,Le Logge,
,Panforte Pere Cioccolato 100gr,"Dolci > Cioccolata, Dolci, Dolci > Frutta Candita, Mandorle, Miele, Panforte, Pasticceria",http://beige-sardine-405916.hostingersite.com/wp-content/uploads/2025/04/panfortePereCioccolato-e1745899569573.png,Le Logge,
,Cavallucci,"Dolci > Biscotti, Dolci, Dolci > Frutta Candita, Mandorle, Nocciole, Pasticceria",http://beige-sardine-405916.hostingersite.com/wp-content/uploads/2025/04/Cavallucci-grani-antichi-e1745899927232.jpg,Le Logge,
,Amaretti Morbidi,"Dolci > Biscotti, Dolci, Mandorle, Pasticceria",http://beige-sardine-405916.hostingersite.com/wp-content/uploads/2025/04/Amaretti-e1745899912777.png,Le Logge,
,Brutti Buoni,"Dolci > Biscotti, Dolci > Cacao, Dolci > Cioccolata, Dolci, Mandorle, Nocciole, Pasticceria",http://beige-sardine-405916.hostingersite.com/wp-content/uploads/2025/04/Brutti.Buoni_-e1745899583669.png,Le Logge,
,Ricciarelli,"Dolci > Biscotti, Dolci, Mandorle, Pasticceria",http://beige-sardine-405916.hostingersite.com/wp-content/uploads/2025/04/Ricciarelli-e1745899614787.png,Le Logge,
,Cantucci Mandorla 100gr,"Dolci > Biscotti, Dolci, Mandorle, Pasticceria",http://beige-sardine-405916.hostingersite.com/wp-content/uploads/2025/04/Cantucci-e1745899605545.png,Le Logge,
,Cantucci Mandorla 300gr,"Dolci > Biscotti, Dolci, Mandorle, Pasticceria",http://beige-sardine-405916.hostingersite.com/wp-content/uploads/2025/04/Cantucci-e1745899605545.png,Le Logge,
,Cantucci Pistacchio 300gr,"Dolci > Biscotti, Dolci, Mandorle, Pasticceria, Pistacchio",http://beige-sardine-405916.hostingersite.com/wp-content/uploads/2025/04/Cantucci-e1745899605545.png,Le Logge,
,Cantucci Pistacchio 100gr,"Dolci > Biscotti, Dolci, Mandorle, Pasticceria, Pistacchio",http://beige-sardine-405916.hostingersite.com/wp-content/uploads/2025/04/Cantucci-e1745899605545.png,Le Logge,
,Cantucci Cioccolato 100gr,"Dolci > Biscotti, Dolci > Cacao, Dolci > Cioccolata, Dolci, Mandorle, Pasticceria",http://beige-sardine-405916.hostingersite.com/wp-content/uploads/2025/04/Cantucci-e1745899605545.png,Le Logge,
,Cantucci Cioccolato 300gr,"Dolci > Biscotti, Dolci > Cacao, Dolci > Cioccolata, Dolci, Mandorle, Pasticceria",http://beige-sardine-405916.hostingersite.com/wp-content/uploads/2025/04/Cantucci-e1745899605545.png,Le Logge,
,Cantucci Mix 300gr,"Dolci > Biscotti, Dolci > Cacao, Dolci > Cioccolata, Dolci, Mandorle, Pasticceria",http://beige-sardine-405916.hostingersite.com/wp-content/uploads/2025/04/Cantucci-e1745899605545.png,Le Logge,
4347,Scatola Selezione Cremini,"Dolci > Cioccolata, Dolci > Cioccolatini, Dolci > Cremino, Dolci",http://beige-sardine-405916.hostingersite.com/wp-content/uploads/2025/04/Scatola.cremini.assortiti-e1745934866619.png,Baratti &amp; Milano,
4442,Scatola Cioccolatini Finissimi Assortiti,"Dolci > Cioccolata, Dolci > Cioccolatini, Dolci",http://beige-sardine-405916.hostingersite.com/wp-content/uploads/2025/04/Scatola.cioccolatini.finissimi.assortiti-e1745934879734.png,Baratti &amp; Milano,8
4309,Scatola Gianduiotti,"Dolci > Cioccolata, Dolci > Cioccolatini, Dolci, Dolci > Cioccolata > Gianduja",http://beige-sardine-405916.hostingersite.com/wp-content/uploads/2025/04/Scatola.gianduiotti-e1745934892926.png,Baratti &amp; Milano,8
4432,Latta Praline Assortite 90gr,"Dolci > Cioccolata, Dolci > Cioccolatini, Dolci, Dolci > Cioccolata > Gianduja",http://beige-sardine-405916.hostingersite.com/wp-content/uploads/2025/04/Latta_Cioccolatini-e1745934938991.png,Baratti &amp; Milano,8
4000,Gianduiotto,"Dolci > Cioccolata, Dolci > Cioccolatini, Dolci, Dolci > Cioccolata > Gianduja",http://beige-sardine-405916.hostingersite.com/wp-content/uploads/2025/03/4000_-_Gianduiotto_Classico_01.webp,Baratti &amp; Milano,5 Kg
4066,Pralina Nocciolato 1858 Fondente Extra,"Dolci > Cioccolata, Dolci > Cioccolatini, Dolci, Dolci > Cioccolata > Gianduja, Nocciole",http://beige-sardine-405916.hostingersite.com/wp-content/uploads/2025/03/4066_-_Pralina_Nocciolato_1858_Fondente.webp,Baratti &amp; Milano,5 kg
4174,Praline Ripiene Assortite,Uncategorized,http://beige-sardine-405916.hostingersite.com/wp-content/uploads/2025/04/4174_Nocciolatino-assortiti-e1745950779936.png,,5 kg
D809/ARA/PE,Mostarda Arancia e Peperoncino,"Formaggio, Dolci > Frutta, Mostarde, Peperoncino, Piccante",http://beige-sardine-405916.hostingersite.com/wp-content/uploads/2025/05/mostarda-arancia-e-peperoncino200g.jpg,La Dispensa Toscana,12
D804/ZEN180,Mostarda Fichi e Zenzero,"Formaggio, Dolci > Frutta, Mostarde, Piccante",http://beige-sardine-405916.hostingersite.com/wp-content/uploads/2025/05/mostarda-fichi-zenzero200g.jpg,La Dispensa Toscana,12
D736/180,Mostarda Pere,"Composta, Formaggio, Dolci > Frutta, Mostarde, Piccante",http://beige-sardine-405916.hostingersite.com/wp-content/uploads/2025/05/mostarda-di-pere200g.jpg,La Dispensa Toscana,12
D941/180,Mostarda Cipolle Rosse,"Composta, Formaggio, Mostarde, Piccante",http://beige-sardine-405916.hostingersite.com/wp-content/uploads/2025/05/mostarda-cipolle-rosse200g.jpg,La Dispensa Toscana,12
162,Patê di Funghi Porcini,"Funghi > Porcini, Salse, Spalmabili",http://beige-sardine-405916.hostingersite.com/wp-content/uploads/2025/05/pate-porcini_180g.jpg,La Dispensa Toscana,12
193/POM,Patê di Pomodori Secchi,"Pomodori Secchi, Salse, Spalmabili",http://beige-sardine-405916.hostingersite.com/wp-content/uploads/2025/05/pate-pom-secchi_180g.jpg,La Dispensa Toscana,12
192,Patê di Olive Nere,"Alcolici > Creme, Salse, Spalmabili",http://beige-sardine-405916.hostingersite.com/wp-content/uploads/2025/05/pate-olive-nere_180g.jpg,La Dispensa Toscana,12
131,Patê di Carciofi,"Alcolici > Creme, Salse, Spalmabili",http://beige-sardine-405916.hostingersite.com/wp-content/uploads/2025/05/pate-carciofi.jpg,La Dispensa Toscana,12
198,Ragù alla Bolognese,"Carne Manzo, Conserve, Pomodoro, Salse, Sughi",http://beige-sardine-405916.hostingersite.com/wp-content/uploads/2025/05/ragu-bolognese_180g.jpg,La Dispensa Toscana,12
143,Ragù di Cinghiale,"Carne Manzo, Conserve, Salse, Sughi",http://beige-sardine-405916.hostingersite.com/wp-content/uploads/2025/05/ragu-cinghiale_180g.jpg,La Dispensa Toscana,12
149,Ragù Toscano,"Carne Manzo, Conserve, Salse, Sughi",http://beige-sardine-405916.hostingersite.com/wp-content/uploads/2025/05/ragu-toscano_180g.jpg,La Dispensa Toscana,12
149-1,Sugo ai Porcini,"Conserve, Funghi, Funghi > Porcini, Salse, Sughi",http://beige-sardine-405916.hostingersite.com/wp-content/uploads/2025/05/sugo-porcini-180g.jpg,La Dispensa Toscana,12
184/300,Sugo all’Arrabbiata,"Conserve, Pomodoro, Salse, Sughi",http://beige-sardine-405916.hostingersite.com/wp-content/uploads/2025/05/sugo-arrabbiata-300g-1.jpg,La Dispensa Toscana,12
426/180,Sugo Cacio e Pepe,"Conserve, Formaggio, Salse, Sughi",http://beige-sardine-405916.hostingersite.com/wp-content/uploads/2025/05/cacio-e-pepe_180g.jpg,La Dispensa Toscana,12
180/V,Sugo Aglione di Valdichiana,"Condimento, Conserve, Pomodoro, Salse, Sughi",http://beige-sardine-405916.hostingersite.com/wp-content/uploads/2025/05/sugo-aglione-180g.jpg,La Dispensa Toscana,12
193/S,Sugo Pomodoro e Basilico,"Condimento, Conserve, Pomodoro, Salse, Sughi",http://beige-sardine-405916.hostingersite.com/wp-content/uploads/2025/05/sugo-pom-basilico-300g.jpg,La Dispensa Toscana,12